Bodegom P, Mount N, Song C, Miller L, Huang S, Wartenburger R, Cai Y, Wilhelm M, Spinoni J, Jiang X, Hao Q, Carless D, Suzuki T, Kociuba G, Strauch K, Sera F, Richardson M, McGregor S, Myers-Smith I, Lamentowicz M, Camilloni I, Hu T, Ineson S, Jia L, Peng D, Kojima N, Helmond N, Mao N, Brewer S, Chai X, Li A, Aydogan E, Diallo I, Jensen T, Bradford M, Ballesteros-Canovas J, Strom H, Blyakharchuk T, Speed J, Deryng D, Toreti A, Gozalo B, Phillips W, Leung F, Suh D, Ran F, Sillmann J, Pan M, Briggs P, Cowling W, Fang X, Groenigen K, Wegner U, Clark H, Li R, Roland T, Liu M, Swart N, Nath D, Clark J, huong V , Wu M, Xue K, Grant B, Li L, Coumou D, Weber T, Zhao Y, Bong C, Han C, Chen K, Lou L, Qiao M, Caley T, onia I , Desbruyeres D, Yan Z, Zeng Q, Irons D, Cha S, Stocker T, Donnelly J, Jeong J, Winkler B, Holbrook N, Guan X, Vleeschouwer F, Bradshaw C, Houze R, Lambiel C, Golaz J, Pfeifer-Meister L, Berner L, Wen L, Oddsdottir E, Ray D, Damm A, Thirumalai K, Nishimori M, Shi C, Jarveoja J, Nakakita E, Noetzli J, Knutti R, Berg A, Schladow S, Tan Y, Christiansen B, Qian T, MacDonald M, Wales S, Lu W, Zika J, Scinocca J, Belko N, Hao X, Tian H, Bhatti J, Peterse F, Ballinger T, Grose M, Porter J, Ouyang Z, Sentis A, Tewksbury J, Singh S, Ludwig F, Matthes K, Parn J, Pecl G, Ha K, Prevey J, Fialkiewicz-Koziel B, Reinsch S, Hinkel J, Grillakis M, Hagedorn F, Harvey B, Planton Y, Leary G, Thonicke K, Suarez-Castillo A, Guilyardi E, Nie M, McKague D, Liu P, Bronnimann S, Park H, Maddison M, Jin F, Fasullo J, Dong Z, Whan K, Gervasoni D, Calvin K, Jian D, Thomas E, Harrop B, Semenchuk P, Schaeffer M, Moore T, Setoguchi A, Wiltshire A, Collier L, Yang J, Zhao X, Thorsen T, Purkey S, Milly P, Sanderson N, Ni Z, Richardson K, Armour K, Khaliq A, Rai M, Lehner F, Michibata T, Olcer-Footitt H, Gasser T, Lange S, Pauly D, Horan H, Grandy A, Wood T, Kvale K, Qu X, Williamson M, Maharaj R, Kumi N, Kumagai H, Wen S, Tang J, Peterson T, Taylor P, Zhou B, Sampson C, Yi H, Footitt S, Li T, Vieira G, Barbante C, Geil K, Castillo-Lopez A, Halladay K, Wei M, Tan K, Abascal F, Debecker S, Jeffery M, Ma R, Akinyemi F, Sorup H, Shi J, Rosenbaum B, Marlon J, Kew S, Sjolte J, Berg N, Dainese M, Paffendorf K, Fahad S, Frolicher T, Joo A, Hsu H, Xie Z, Cai H, Rakovec O, Grigoroudis E, Quagraine K, Gill A, Zellweger F, Giardina C, Bauer S, Banks R, Hua W, Brown P, Muschitiello F, Han X, Ontgomery E, Bonan D, Wilcox K, Wallace J, Christensen-Dalsgaard S, Richardson J, Bitchong A, Jones J, Kirkevag A, Isberg K, Parker J, Du S, Djalante R, Kim B, Kan H, McDonagh E, Hansen J, Zhang Q, Adam O, Lee J, Tchotchou A, Kasaeian A, Wortley A, Schnecker J, You Y, Friedlingstein P, Dong Y, Pu X, Ferrarini A, Wood E, Ullah S, Rail J, Bodirsky B, Lee C, Cheng W, Gu F, Boulanger-Lapointe N, Peters G, Shen Z, Stenhouse N, Niu S, Khan M, Schmidt D, Jonsdottir I, Xiao C, James R, Buelow K, Foggi B, Yu J, Kardol P, Pfeiffer M, Perret M, Burton A, Jacobs P, Doescher R, Patel P, Kolb M, Briggs W, Nakaegawa T, Miller C, Douville H, Vasiliev A, Danise S, Izaurralde R, Goddard P, Marcott S, Alexander H, Haugen M, Johnstone J, Zechmeister-Boltenstern S, Sato Y, Thomsen M, Legates D, Nalam A, Systad G, Hugelius G, Yeager S, Steele K, Birdsey R, Hand R, Gregory J, Lenoir J, Kunstman H, Li J, Kaverin D, Pohlmann H, Horttanainen M, Bader J, Mueller W, Hagemann S, Shalders T, Sanctis G, Yue B, Hoogakker A, Osborne B, Volkholz J, Zhong Z, Wenz L, Descamps S, Iversen C, Qiao F, Lumpkin R, Asseng S, Froelicher T, Bebi P, Goris N, Kholodov A, Hollister R, Christensen J, Pfeifer S, McMahon J, Yuan H, Tong S, Zahoor R, Sloyan B, Chu G, Yan W, Galeotti S, Lu Y, An S, Kucera M, Klady R, Duan Q, Zelenskaya L, Li M, Wilkinson A, Dosio A, Pau S, Sun D, Ito R, Gao J, Guglielmin M, Naylor R, Viktor E, Eby M, Thober S, Kang N, Yasuda T, Zheng F, Takimoto T, Savva I, Ogaya R, Luo Z, Genesio L, Meng Q, Abe-Ouchi A, Peng F, Renner M, Liao Q, Zhao W, Gedney N, Guiot J, Frederichs T, Angers-Blondin S, Bindoff N, Su B, Wang F, Ren R, Boertmann D, Tan X, Smets E, Heskel M, Ge L, Gan B, Jones D, Doran P, Webster P, Jorgenson J, Deng J, Zhang X, Zhai P, Shi W, Mueller C, Zeng J, Dessy J, Schmidt I, Gove J, Sohar K, Petersen A, Venn S, Song W, Morgado L, Day J, Islam A, Tarasov L, Dentener F, Westerhold T, Tebaldi C, Zhai R, Lintner B, Li W, Westermann S, Yuan Y, Zhi R, Milla R, Burrows M, Yang Z, Adams H, Takriti M, Mosbech A, Tinner W, Anderson W, Urabe Y, Jones P, Romanovsky V, Kjellstrom E, Chan D, Han S, Zeng X, Lohmus K, Malik K, Tigchelaar M, Gohar L, Kimoto M, Fisichelli N, Frei E, Nagy L, Zou D, Boo K, Fetzer E, Sun Y, Shu Q, Malyshev S, Hao F, Myneni R, Piao S, Kotova L, Rolfe-Redding J, Tilman D, Caian M, Rashid H, Kharecha P, Liu L, Kug J, Tall L, Najafi M, Medeiros B, Gierz P, Meijgaard E, Borken W, Hanawa K, Drysdale R, Ahn J, Smale D, Zhan M, Linden M, Shao R, Graham E, Talley L, Chen C, Hijioka Y, Guenang G, Xu D, Ruiz-Barradas A, Baldwin J, Shih T, Smith S, Lantuit H, Salamon P, Foster G, Lundquist J, Martre P, Rosenzweig C, Wu Z, Bethke I, Liu Y, Hood L, Chai J, Du W, Felis T, Peuelas J, Li Z, Nkrumah F, Beest M, Yamazaki K, Bi J, Raupach M, Ciais P, Maeda S, Yao T, Yoccoz N, Uglow J, Vondou D, Meier A, Pierrehumbert R, Semenova T, Zhang P, Niinemets U, Petrie M, Samaniego L, Han Q, Campbell M, Martinez P, Comyn-Platt E, Kravitz B, Blockley E, Cumming B, Abram N, Chu D, Kelly E, Beiles A, Tang S, Tokai A, Fogarty M, Wanek W, Conway D, Zelikova T, Chou C, Jacques M, Bai K, Jeong M, Soderholm J, Froidevaux L, Jing C, Yan Q, Cui Y, Wilmking M, Hoegh-Guldberg O, Frauen C, Johnson B, Payne B, Grau O, Maule C, Sarr B, Pan K, Suzuki K, Serota N, Kang D, Boberg F, Sakalli A, Hosseini S, Sha L, Krey V, Kim S, Hennekam R, Mecking S, Guill C, Harvey E, Qin Y, Yang B, Kyle P, Ostberg S, Scott R, Tan W, Randall D, Cox P, Long S, Machmuller M, Krivolutsky A, Allard M, Sande B, Zhang J, Petatan-Ramirez D, Truu J, Zhang S, Apurv T, Tachikawa Y, Rogelj J, Hermanutz L, Botting T, Hakkinen S, Zong N, Tosca M, Lohila A, Ashiq W, Dell A, Gonzalez-Aleman J, Zhou Y, Tanimoto T, Rice K, Karofeld E, Bopp L, Lidz B, Wu X, Thieken A, Mancha-Cisneros M, Chikamoto Y, Watanabe T, Marquis J, Kumar S, Rosenthal S, Dato G, Ban-Weiss G, Fujii M, Song M, Brovkin V, Tedersoo L, Elmendorf S, Fornara D, Greatbatch R, Kubota T, Pierson D, Dewitte B, Kim D, Meiklejohn I, Hu R, Neil P, Alexander M, Sun Q, Rabin S, Bennett S, Smith I, Gugger P, Lee D, Choi Y, Hirsch A, Hu K, Dunstone N, Park K, Teuber L, Hudson J, Eskelinen A, Herold N, Rezaei E, Burke M, Hayman G, Bezanilla A, Saunders B, Resplandy L, Thorburn P, Shigemitsu M, Welker J, Marhan S, Yang K, Jorgensen R, Tudoroiu M, Wyser K, Weijers S, Hu W, Baringer M, Vose R, Duan Y, Zhao J, Renner H, Shin Y, Brinkhuis H, Mateo P, Gottschalk J, Gallego-Sala A, Rich R, Bindi M, Iizumi T, Takong R, Bala G, Salack S, Page S, Vecchi G, Lassek C, Cong N, Eddy T, Xing M, Qin J, Ajayi V, Ben X, Maibach E, Blok D, Pan X, Min D, Kang S, Holloway M, Yang D, Mignot J, He X, Frumhoff P, Abramov A, Dong C, Harrington L, Berthe S, Lohmann G, Ju H, Gioli B, Haensler A, Wilson G, Gertsch B, Sylla M, Sorte C, Martin T, Chang J, Ding W, Pan Y, Ogura T, Proistosescu C, Kreslake J, Schaller N, Wang E, Franzke C, Park W, An R, Su H, Tang Q, Ostonen I, Kim M, Dumont B, Oliver E, Bellen S, Friedrich T, Jia F, Olsen B, Ebi K, Heinze C, Buchwal A, Garcia-Vila M, Di C, Valiranta M, Brown S, Villa J, Guo J, Mitsch W, Egorov S, Yan H, Liu J, Lee W, Bralower T, Solly E, Tian Y, Zaherpour J, Mengel M, Yin J, Schamp B, Klemedtsson L, Suga T, Green D, Danabasoglu G, Karnauskas K, Cesarz S, Nichols J, Wei N, Hirooka H, Shim S, Schwarz B, Panitz H, Chammem M, Stone D, Sigurdsson B, Hu Y, Ferreira D, Kodama C, Morzaria-Luna H, Matei D, Cain M, Malkova G, Carrillo Y, Marotzke J, Hui Z, Medhaug I, Evans D, Blonder B, Smith P, Russell G, He M, Raible C, Dorrepaal E, Yin C, Gillett N, Schneider T, Christensen O, Hurtt G, Chen J, Kasak K, Morgan J, Klein E, Ming A, Kidwell A, Yeh S, Zou M, Alonso-Rodriguez A, Carrao H, Kinkel L, Du Z, Nagatomo T, Zelinka M, Pascual-Alayon P, Soden B, McKechnie J, Wolf K, Fan G, Ham Y, Loutre M, Strong A, Zhu J, Eggert B, Feng T, Dunne J, Luo Q, Du Q, Tang X, Tsiang M, Rall B, Swindles G, Overland J, Mizuta R, Zhang Z, Cowles J, Feng Z, Eliseev A, Bitz C, Zeebe R, Arblaster J, Geoffroy O, Niklas K, Song Z, Montroull N, Grace J, Post K, Souza L, Meng E, Feng G, Song H, Ge Q, Cowtan K, Peters A, Sutter J, Kroeger T, Kraemer B, Cheng J, Mauritsen T, Zhao C, Estiarte M, Fawcett A, Shen G, Hale L, Xia L, Bala S, Ballew M, Berntsen T, Xu Z, Li H, Cang L, Lolli S, Soussana J, Charman D, Seybold C, Beaulieu C, Naumann G, Stegehuis A, McFarland J, Tao F, Veldkamp T, Leiserowitz A, Yi L, Hauser M, Agostino R, Bjorck S, Dong X, Gao K, Giannini A, Karamperidou C, Moskalenko N, Lin I, Teemusk A, Luo C, Lin W, Misios S, Li D, Baskin J, Hong N, Perretti C, Awasthi M, Liao E, Ruedy R, Kinney P, Peyser C, Wang S, Hine D, Chavan D, Zhai J, Wanner H, Hare J, Zeng F, Fyfe J, Klein J, Zaeem M, Burke E, Lu Z, Stevens B, Qiang X, Bernie D, Lincke D, Cheema M, Jamelske E, Wu D, Yoshioka M, Arakawa O, Gruber N, Kundu D, Zhu C, Machimura T, Qiao H, Pendall E, Mitchell L, Liang J, Bridgham S, Joos F, Durran D, Baetz B, Ewert F, Fu C, Lebsock M, Rasul G, Shen X, Tokinaga H, Min Y, Harris I, Ying L, Neelin D, Treseder K, Riedel K, Russo S, Nayak S, Thaker J, Sebestyen S, Deslippe J, Hamilton S, Tittensor D, Yue P, Hu J, Zu J, Qian Z, Kamsu-Tamo P, Yang X, Lynch J, Twitchett R, Breitner S, Gould R, Lee Y, Rahmstorf S, Somot S, Loring B, Tyrrell N, Blair J, Rajeevan M, Andrews T, Murakami H, Wragg P, Gupta P, Klemes J, Karl T, Zhou T, Reed K, Feng M, Li Q, Jevrejeva S, Tang Y, Geng S, Pezzi L, Hong P, Park C, Wang G, Koh Y, Worou O, Linderholm H, Qi Z, Leng G, Santee M, Wang K, Hipps L, Oppenheimer M, Lidor A, Noda A, Maberly S, Ruf C, Lim L, Ueda H, Yao Y, Lu X, Wen Y, Reuter M, Horowitz L, Davis W, Lee N, Liang N, Beilman D, Shen R, Davis B, Cole J, McIntyre P, Misra V, Lavoie M, Castelltort S, Xu L, Hill S, Mishra V, Yoshida K, Nangombe S, Zhang L, Guan Y, Power S, Mu J, Ma X, Foltz G, Laliberte F, Chini L, Montoro M, Cammarano D, Wittenberg A, Fu Q, Tang A, Yu Y, Smith D, Bernardo C, Lin A, Dinh K, Olesen M, Ren Y, Sigmond M, Nakamura Y, Norris J, Luo W, Bae M, Omrani N, Dam M, Ling T, Christie K, Yuan M, Teng C, Berg M, Xia H, Cortizas A, Nie L, Cui J, Dankers R, Seneviratne S, Tweedie C, Smith B, Onoda Y, Golding N, Rumpf S, Garuba O, Choi S, Wu H, Gornall J, Zou X, Weiher E, Park B, Alsalam J, Singh V, Bakker P, Huang G, Adams D, Lacourse T, Kim W, Mears C, Gong Z, Eisenhauer N, Schume H, Kersebaum K, Rasch P, Siddique K, Sun J, Olofsson J, Yu S, Kull A, Xie R, Qi W, Watanabe M, Diekmann B, Konstantinov P, Zhu Y, Cahill N, Dai X, Livingstone D, Gong H, Gilchrist H, Montevecchi W, Xi X, Arai M, Swain D, Riahi K, Siler N, Bouttes N, Rixen C, Luderer G, Po-Chedley S, Cai M, Modak A, Gilmore M, Lupascu M, Large D, Moore P, Feldl N, Luo F, Ruane A, Nijsse F, Kavanagh V, Lui H, Sitoki L, Shi Y, Guo Y, Chen D, Wang Q, Ionita M, Hu X, Beall L, Takahashi C, Borthwick A, Mao G, Bergeron Y, Mukougawa H, Orsolini Y, Ueckerdt F, Miller P, Palmer M, Tsuboki K, Mehrotra S, Oka A, Wongwises S, Connolly R, Katterer T, Jaccard S, Tietema A, Loeb N, Alvarez P, Stockle C, Kulonen A, Geng Y, Hao Z, Aiki H, Rueger N, Have M, Dong L, Xiang R, Fan J, Hwang Y, Cheng G, Livesey N, Jiang T, Murakami D, Colon-Gonzalez F, Kimball B, Lian T, Wehner M, Vogel M, Waha K, Steinberg N, Stuart I, Leidl R, Toure N, Yuan X, Cook J, Arrigo J, Liu D, Svendsen L, Sato M, Peng T, Zhang F, Silow E, Nawaz M, Beeck L, Nicholls R, Taylor M, Risebrobakken B, Millar R, Hanel M, Mariotti L, Risbey J, Kanellos F, Reygondeau G, Bai S, Vernal A, Rixen M, Dievel M, Rawlins M, Marks A, Yoshimori M, Poeplau C, Nuccitelli D, Nurser A, Houghton R, Polson D, Sheng Y, Jia P, Han T, Dai A, Gillies R, Papadimitriou L, Philipson C, Zaragoza-Castells J, Moss P, Griensven A, Wu F, Etzelmueller B, Ding Y, You C, Normand S, Shetti R, Fuchs S, Xu Y, Delgado-Baquerizo M, Okada M, Sultan B, Jacob D, Yang Y, Ciobanu M, Zhao M, Huang H, Templer P, Zhou C, Henderson A, Cortese G, Chua Y, Peter T, Ji S, Zeller E, Webber H, Dukes J, Kouadio K, Leduc M, Galbraith E, Tuzun N, Zinke J, Mackay H, Doos K, Zhong X, Wijffels S, Son Y, Buras A, Enquist B, Suding K, Ishii M, LeCain D, Liu N, Gonzalez G, Kuleza S, Iizuka S, Zhou D, Ehlers B, Su T, Moser G, Olusegun C, Kosaka Y, Breuer L, Affholder F, Jassal R, Johansson A, Pong C, Derocles S, Ramanathan V, Chen Z, Romero-Olivares A, Liebig J, Semenov M, Chadburn S, Melendrez-Carballo G, Wilhelm S, Bliefernicht J, Popova E, Liederman J, Meng Y, Schewe J, Ye X, Souza R, Ye C, Stott P, Kokfelt U, Haddeland I, Callow J, Jones B, Tvinnereim E, Nicholls Z, Emanuel K, Lao P, Straub S, Good P, Linden S, Payne A, Chimner R, Dessler A, Meisinger C, Cobb K, Brummer G, Guivarch C, Anker-Nilssen T, Adatte T, Tian Q, Ding J, Kroel-Dulay G, Roberts W, Lowe J, Brown J, Hodell D, Mohammed K, Silva-Sanchez N, Edmonds J, Hare B, Mochizuki T, Dacal M, Wu B, Malavelle F, Seland O, Jiang Z, Lim W, Pfleiderer P, Lago-Leston A, Fiore A, Magnusson B, Vajda V, Ladwig L, Clement C, Mankin J, Powers J, Cordero E, Carvalho L, Harrison M, Martin M, Klein S, Powell A, Steinauer K, Ishikawa M, Liao W, Mitchell D, Xia J, Nakano M, Kane N, Maroon E, Arzhanov M, Sordoni S, Warren R, Fu G, Li K, Prentice I, Shaw E, Kundzewicz Z, Kiyokawa H, Shelton S, Song L, Lee H, Stephenson T, Emmett B, Wang C, Githumbi E, He H, Moon H, Colombaroli D, Skuce A, Roberts C, Roehl U, Pacala S, Cornwell W, Schmutz W, Wen G, Nostrand J, Pei W, Huber B, Ma Z, Liu X, Dale B, Qi L, Stadnyk T, Brandefelt J, Edgar C, Cadotte M, Miller K, Wang Z, Aggarwal P, An W, Luoto M, Egli S, Xu B, Pan H, Collins M, Blackmore S, Takahashi H, Tseng Y, Thiery W, Jiang J, Carbognani M, Chen R, Wu R, Furuya J, Liu W, Mei L, Nie S, Delaloye R, Lin P, Yu E, Peres C, Qin B, Tjiputra J, Kawase H, Keenlyside N, McPhaden M, Xing N, Kuch B, Moon J, Ma Q, DiNezio P, Vandegehuchte M, Sanders N, Zou C, Streletskiy D, Classen A, McJeon H, Jones C, Thieblemont R, Carey J, Xiong M, Kahana R, Xiong D, Bilton M, Gudgel R, Gao C, Clark G, Lapshina E, Mohan J, Bunbury J, Kallbekken S, Boike J, Neilsen D, Williams R, Kellermann P, Smit J, Monselesan D, Roetter R, Shakun J, Huang Q, Orme L, Sakai Y, isa V , Ma M, Harte J, Hsu P, Arora V, Scannell H, Sijp W, Sun B, Lotze-Campen H, Beyerle U, Tan H, Camara M, Palosuo T, Sannel A, Howe P, Hellstrom J, Hanninen H, Lierhammer L, Oh S, Horbach C, Gu D, Liu B, Smith W, Skryabin P, Manning P, Marchant R, Fuglestvedt J, Moran-Atkin E, Thejll P, Xie X, Biskaborn B, Wernberg T, Laine A, Lake I, Duan C, Landerer F, Bilbao R, Hao Y, Aerts R, Pockman W, Sun P, Delworth T, Plazzotta M, Asrar G, Huang Y, Long B, Chadwick R, Baskin C, Zhou S, Gurney G, Lennard C, Guo L, Green S, Yamada Y, Mori N, Tai X, Song Q, Zhou G, King A, Shaver G, Tsujino S, Kuba N, Loisel J, Drews M, Goodwin P, Chapin F, Heijmans M, Waldrop M, Nakajima A, Balkovic J, Yue L, Magnuson T, Jungclaus J, Wall D, Shimura T, Deviatkin I, Lanckman J, Fischer T, DallaSanta K, Shaaban M, Feuchtmayr H, Lam V, Konkin D, Lunt D, Cavalcanti I, Kang L, Gleisner H, Karoly D, Walton D, Ilyina T, Hegerl G, Courtney-Mustaphi C, He C, Thomas H, Shao Y, Grinsted A, Labansen A, Park Y, Artukhin Y, Hou Q, Koehler A, Miao Y, Kram S, Sui Y, Zhang C, Chung C, Woelders L, Shi Z, Abraham J, Schwartz M, Han A, Carton J, Dong J, Ma L, Lin G, Chang S, Wijesiri B, Georges D, Vahmani P, Karssene Y, Hik D, Schulz M, Ji N, Zhang T, Humphreys J, Feinberg G, Cable W, Ummenhofer C, Castle S, Hu M, Frey S, Zhou W, Chang L, Jones A, Egorova T, Verhoeven J, Schulz H, Graham T, Turetsky M, Wardle D, Ye H, Boer G, Boyer T, Zhao N, Jackson L, Henley B, An Z, Gerten D, Anadon-Rosell A, Beger M, Horton R, Hartmann H, Zhang W, Mauget S, Sakamoto R, Cheng S, Zeppel M, Shen Y, Shao J, Emile-Geay J, Gustafsson D, Hylander K, Oliarinony R, Neumann R, Lan X, Collins W, Fischer E, Saenko O, Sokol N, Guo X, Ridley J, Bordbar M, Cai X, Towprayoon S, Aasa A, Lu J, Kwon T, Scarascia L, Alvarez-Romero J, Kong X, Wan Y, Reisinger A, Rechid D, Gu X, Xue W, Tiedje J, Spey I, Merkel F, Vichot A, Leung Y, Wohlfarth B, Bohaty S, Wang Y, Garcia-Palacios P, Huelber K, Tanaka K, Ji M, Teichmann C, Suo L, Slater S, Punekar J, Jiang W, Cowan T, Goetz S, Zhai C, Zhu X, Dam B, Takagi M, MacDougall A, Chen X, Brindha K, Yue K, Ren X, Geiger T, Hassol S, Reed S, Packalen M, Gould W, Yang Q, Menegoz M, Stefanski A, Andersson J, Tremblay J, Quesada B, Takemi T, Pisacane G, Jauhiainen J, Carlton J, Caminade C, Osprey S, Zeng Z, Colman R, Mann M, Ripoche D, Zamanian K, Peng S, Gao Y, Xiao J, Luptacik P, Feng S, Hibino K, Tachiiri K, Wignall P, Lee S, Luo D, Kushner P, Satoh M, Haustein K, Yuan C, Honegger L, Ho C, Kohyama T, Harper K, Frolking S, Grosse G, Turner T, Yin Y, Takayabu I, Xiao Q, Tao W, Kong F, Sheffield J, Hall A, Adams V, Miglietta F, Bamminger C, Rajaratnam B, Oberbauer S, Ochoa V, Miao C, Meng J, Huang R, Gidden M, Castro C, Yoshikawa K, Greuell W, Liu Q, Milbau A, Rohde L, Engelbrecht F, Laudon H, Yu F, Price J, Guillod B, Verheyen K, Ricciuto D, Lu H, Hamaki T, Abiodun B, Salm J, Ji Y, Rowe C, Schaepman-Strub G, Eccel E, Vicedo-Cabrera A, Wang H, Duan J, Yue Q, Rowell D, Yu H, Bao Y, Stjern C, Wan S, Ohgaito R, Sasaki H, Voldoire A, Alfieri L, Daniau A, Lantz T, Goni M, Bell J, Sugi M, Austermann J, Zhou Q, Booth R, Ali W, Yao P, Slowik F, Li G, Cheruy F, Pan F, Yu Z, Butterbach-Bahl K, Kordesch W, Schmidt H, Touma D, Cornelissen J, Anderson K, Bjorkman A, Du G, Hribjlan J, Lewis S, Mix A, Petraglia A, Fonti P, Turner K, Wang B, Deutsch C, Ren H, Makila M, Luo J, Painting R, Zhou H, Bruning R, Ordonez J, Dufour C, Bongaarts J, Chang H, Andrew R, Jing Q, Liao S, Zaw S, Maestre F, Gemmer M, Graf F, Im E, Warszawski L, Kumar R, Yanagi T, Morrison K, Jagerbrand A, Latif M, Peterson G, Vellend M, Phillips M, Dai Y, Santoso A, Ye W, Gray L, Gibson P, Huang K, McGee S, Shiu C, Lacis A, Tu Z, Claereboudt M, Knutson T, Nitta Y, Clarke L, Geel B, Ziegler M, Chu W, Zheng X, Sun F, Hou S, Luo Y, Nilsson M, Maiorano A, Seo H, Robertson G, Qiu S, Abdalla G, Gerber L, Roser-Renouf C, Bichet A, Marx A, Veber G, Tremblay F, Kim H, Zampieri M, Priesack E, Jeong Y, Pressey R, Michelsen A, Kay G, Kaarlejarvi E, Mitchell M, Tan B, Teramoto M, Lau W, Claeys P, Ji F, VanDerWal J, Shin K, Kroeger K, Reich P, Miyakawa T, Ghisetti C, Mulhouse J, Koike S, Wu L, Chryst B, Sun C, Worm K, Camill P, Ma C, Levermann A, Drange H, Jing X, Pierce D, Smith J, Suarez-Gutierrez L, Peng C, Soon W, Cerabolini B, Green W, Zhu P, Kang J, Vogt J, Magnan G, Dise N, Pitman A, Haeder D, Munguia-Vega A, Cohen A, Masaki T, He B, Elberling B, Bahn M, Hoogenboom G, Myers T, Lin S, Johansson M, Meissner K, Laskar J, Crump A, Zhang B, Roff G, Shine K, Menary M, Dijkstra F, Wen Q, Zheng J, Haywood J, Guna A, Murata A, Ohno T, Tamura M, Zhang R, Weng F, Lehmann J, Jing Z, Yokohata T, Xu J, Palter J, Ramos M, Chiodo G, Kanada S, Ganopolski A, Allison S, Davin E, Poorter H, Schellnhuber H, Endo H, Lamarque L, Eade R, Sarnthein M, Schwinger J, Ozinga W, Fang S, Sluijs A, Timm O, Sterl A, Klutse N, Samset B, Nadeem M, Sarmiento J, Jagger T, Sieck K, Diffenbaugh N, Dubey C, Li X, Chun Y, Hof C, Tomaselli M, Devkota B, Neelameggham N, Chen G, Ren L, Street L, Alatalo J, Snoek B, Ma J, Moreton S, Ni X, Rovere A, Hinojosa-Arango G, Tu C, Kattge J, Barrett R, Qian B, Aoyagi T, Otto-Bliesner B, Donnelly C, Ismail M, Lionello P, Gaertner M, Jaroszynska F, Tian J, Sospedra-Alfonso R, Santer B, Xue L, Schoeneich P, Johannsson H, Tournebize J, Ishida S, Wei H, Keith D, Espenberg M, Massa C, Lei G, Liepert B, ngela V , Black T, Jiang C, Jo H, Shen J, Xie L, Hu Q, Papst W, Moret S, Wright A, Sun H, Kinghorn B, Ormieres L, Sippel S, Lorbacher K, Cao J, Hou A, Kosugi N, Griffies S, Basso B, Turners J, Luo R, Finkelstein S, Molau U, Imada Y, Johnson N, Roca G, Goldberg M, Chen L, Robinson S, Lin C, Gonzalez P, Galagedara L, Overpeck J, Lewkowicz A, Gosling S, Neill B, Lin Q, Janssens L, Glaeser S, Huang M, Stuecker M, Lang X, Connolly M, Euskirchen E, Poschlod P, Peng Y, Tang K, Paynter D, Boukal D, Sergeev D, Yang P, Dou Y, Arheimer B, McConkey B, Li F, Fu W, Zhang M, Ashkenazy Y, Ducharne A, Gupta A, Diedhiou A, Mentaschi L, Mauquoy D, Sand M, Buschena C, Yung Y, Johnson G, Vuuren D, Verheyen J, Nielsen S, Phillips H, Deng A, Montgomery R, Arain M, Minoli S, Seiki T, Ceppi P, Moore J, Zheng Y, Mitchell F, Trenberth K, Collins S, Guo R, Matthes H, Dommenget D, Read W, Kim J, Jiang Y, Scaife A, Shevliakova E, Spangenberg J, Schweitzer M, Jiang H, Zwiers F, Crowther T, Meng F, Lambert F, Carlson A, Gan Z, Holmstrup M, Mori M, Donham E, Greene L, Sun X, Guo D, Kouikoglou V, Markkula I, Campetella G, Gong G, He N, Korhola A, Feng J, Wan X, Ahmed M, Cheng Z, Christiansen H, Wan L, Oh K, Havukainen J, Fraedrich K, Wallach D, Lapointe L, Cutler M, Inamura T, He Z, Hanson P, Yamamoto A, Chen F, Alterskjaer K, Hasegawa T, Little C, Kleidon A, Foreman B, Cheng C, Tokarska K, Oreskes N, Yool A, Brose U, Song X, Zhan R, Bolanos T, Christensen M, Frenne P, Reynolds L, Schenk F, Caesar J, Meinshausen M, Wu S, Nehrbass-Ahles C, Yamagata Y, Thakur M, Sniderman J, Hobbie S, Price N, Mander U, Mahian O, Todd-Brown K, Liu G, Chen T, Sebille E, Mba W, Zhang H, Seidel F, Xie S, Liu S, Challinor A, Capotondi A, Sheikhpour M, Lim J, He Y, Mundra A, Zheng C, Chen B, Matter J, Conroy J, Hou M, Kuffner I, Liao H, Betts R, Lian X, Khozyem H, Kossin J, Bjork R, Jeong S, Wei W, Coleman D, Hirata K, Zhao Z, Smid M, Temur K, Hultman N, Che C, Jonko A, Gayler S, Underwood S, Cavaleri M, Sgouridis F, Affolter S, Popp A, Jangid A, Zhang G, Otto F, Charland A, Tudhope A, Panetta A, Shi X, Ilieva-Makulec K, Six K, Gasparrini A, Fischer H, Lorenz R, Pae T, Wentz F, Treier U, Hu B, Speijer R, Jong R, Skeie R, Creason J, Sugimoto S, Wanigarathna D, Hawkins E, Amesbury M, Cannon A, Wookey P, Onipchenko V, Liu A, Du Y, Braun M, Leung L, Li Y, Bretherton C, Sahajpal R, Ye Z, Daliakopoulos I, Dong W, Giasson M, Bochicchio C, Marzeion B, Merrill S, Eddy W, Moufouma-Okia W, Cai W, Guay K, Jaegerbrand A, Wei T, Naslund J, Hofgaard A, Li S, Nikulin G, Kobayashi K, Delnat V, Leibensperger E, Hayashi M, Frieler K, Lotze H, Simpson I, Ma S, Fritz S, Thompson D, Sistla S, Osborn T, Shiogama H, Booth B, Smethie W, Rohling E, Sekiguchi H, Gianelle D, Rozanov E, Fung I, Forster P, Takanami T, Gutierrez-Fernandez J, Li C, Zheng B, Wang D, Oenema O, England M, Nakazawa T, Dawes M, Nguyen S, Jones M, Zhou X, Haigh I, Majkut J, Kato M, Chen S, Holmquist J, Dyez K, Melillo J, Deser C, Gustafson A, Han L, Rezny M, Lu L, Reinmann A, Fu Y, Zhao T, Dottori F, Kusumi E, Hou R, Denisov S, Hartmann D, Ata-Ul-Karim S, Oliva M, Vraga E, Koutroulis A, Nouira S, Stoks R, Ramirez K, Nieradzik L, Monckton C, Battisti D, Byun H, Tayasu I, Yin H, Childers K, Bond-Lamberty B, Wang T, Havlin S, Elsner J, May J, Kleisner K, Battley P, Stouffer R, Fu Z, Yeo S, Gordon A, Chen H, Iturrate-Garcia M, Kampfer P, Mighall T, Won Y, Kane T, Tielboerger K, Reyes-Bonilla H, Chafik L, Jagermeyr J, White-Monsant A, Gao X, Lewis K, Menne M, Tao H, Laufkotter C, Lo Y, Vries F, Yim B, Johnson M, Dufresne J, Frame D, Sheremetev S, Hao M, Schwarz M, Huang P, Otto J, Dullinger S, Deng Y, Phillis Y, Rastetter E, Wolf J, Schneider A, Krysanova V, Frieling J, Xie H, Hermanson L, Kumar D, Bates P, Olsen K, Zhou L, Smith C, Cheng L, Okada Y, Suseela V, Roussenov V, Yuan T, Jiang L, Doblas-Reyes F, Lewandowsky S, Wallace C, Goodale C, Wan H, Uhe P, Xu M, Oishi K, Sejas S, Ceglar A, Peng Q, Sarfaty M, Han G, Dillenardt L, Bisselink B, Penuelas J, Liu R, Morfopoulos C, Cai D, Brodzik S, Heikkila M, Qiao S, Janssens I, Kotcher J, Duarte C, Sun W, Reyer C, Forbes B, Mukherjee S, Wu J, Kupiainen M, Koshiro T, Camac J, Pendergrass A, Kuusisto E, Chen Q, Liu Z, Anderson J, Karger D, Tran T, Juhanson J, Zhou J, Vliet M, Yu C, Yang S, Lengaigne M, Matthews H, Real I, Feyen L, Roux G, Tang G, Smith A, Siemann E, Flato G, Jiang R, Takahashi K, Drozdov D, Grogan P, Benthuysen J, Schuckmann K, Moghaddam M, Ren J, Solomon S, Weng N, Luo M, Semenov V, Diasso U, Nigam S, Williams D, Geml J, Min S, Wills R, Dery S, Yeom G, Vogel H, Lie J, Guo W, Zheleznyak M, Torre J, Binzer A, Ellers J, Xie Y, Keller G, Forstenhaeusler N, Ridgwell A, Nie J, Kaufmann R, Schwettmann L, Horton D, Wu N, Wu Q, King B, Spasojevic M, Yang W, Han Z, Dix M, Henry G, Hagos S, Swingedouw D, Barnes A, Klein C, Jansen M, Nosaka M, Thomas A, Marelle L, Greene S, Oksanen P, Xue M, Teuling A, Supit I, Ren C, Kalashnikova O, Stephens G, Grothe P, Cheung W, Sagar P, Kimball J, Beck P, He S, Hope C, Yun K, Romano J, Katsumata K, Larsen K, Su W, Olivetti E, Song Y, Sylvain Z, Schurer A, Jung D, Painter J, Stevanovic M, Lavallee J, Vetter T, Blach-Overgaard A, Shao X, Kay J, Wu P, Hussain S, Riva R, Poll C, Biernath C, Yoon J, Lu M, Tian W, Webb M, Fang Y, Tremblay M, Song J, Vowles T, Hu Z, He J, Hur Y, Diaz S, Weaver A, Bubeck P, Garay M, Piontek F, Okumura Y, Cui K, Streck T, Sanderson B, Reichart G, Warlind D, Viovy N, Macey A, Xiao L, Kitoh A, McGowan H, Trant A, Tang C, Tsanis I, Meehl G, Lin Y, Chen A, Bonsal B, Erikstad K, You Q, Bodas-Salcedo A, Saurral R, Hughes P, Xu X, Putrasahan D, Roudier P, Tape K, Leblans N, Campbell J, Trihamdani A, Longandjo G, Steinman B, McNeall D, Meester L, Elliott J, Mathijssen P, Zhao G, Manttari M, Victor D, Oldenborgh G, Nielsen J, Huppmann D, Bali R, AchutaRao K, Mallory M, Guetschow J, Centella A, Luo B, Sasaki A, Thibault J, Finzi A, Ye J, Ferrise R, Liu T, McKitrick R, Keiblinger K, Gerber E, Li P, Cao L, Shi P, Chen Y, Jin D, Damste J, Yamazaki A, Bonfils C, Poertner H, Iyer G, Wipf S, Seferian R, Yue C, Tans P, Vautard R, Parts K, Scheffers B, Yang H, Yao S, Lv X, Kuzyakov Y, Awasthi S, Kiese R, Zhao L, Volkov D, Yan X, Zou L, Alexander L, Egbebiyi T, Yan B, Stohl A, Chi Y, Luo L, Ji D, Hawcroft M, Clifford M, Zilberman N, Ballantyne A, Maxim D, Chen W, Cao H, Roemmich D, Barcikowska M, Tangri A, Hodnebrog O, Valdes P, Craine J, Li N, Sy O, Cvijanovic I, Tenywa M, Gu Z, Yao J, Shao M, Choi J, Dima M, Tung K, Pandey A, Denvil S, Peter M, Ishikawa H, Saba V, Heier M, Mokhov I, Niki Y, Wilson R, Zhao F, Tamatamah R, Haettenschwiler S, Delage F, Krishnan H, Gong J, Ren W, Bayr T, Orth R, Findell K, Wang P, Vellekoop J, Pan T, Palike H, Pickering S, Perkins-Kirkpatrick S, Rosati A, Weitzel M, Xu H, Kremers K, Jones S, Arsenovic P, Chuen M, Zha Y, Liu K, Mouratiadou I, Huang Z, Chung E, Lawrimore J, Chung N, Velde M, Duan H, Storey K, Finch-Savage W, Long J, Miller A, Washington R, Xie J, Hsieh C, Fotso-Nguemo T, Kharin V, Fujimori S, Huang B, Chen N, Roo A, Wang L, Huang L, Harper A, Anderegg W, Yi Y, Nabe-Nielsen J, Marcisz K, Gillani S, Ikeda M, Allen M, Kanel L, Lv Y, Han W, Hu C, Moise A, Joshi M, Meng H, Atkinson L, Xie F, Wang A, Zink M, Pascale S, Wang W, Schleussner C, Ju Z, Ninot J, Rosenbloom N, Charlery J, Xu C, Liu F, Goonetilleke A, Ding L, Hobday A, Rodriguez-Sanchez F, Marce R, Gualdi S, Jaen S, Simmons C, Hong B, Huang J, MacDonald G, Hwang R, HilleRisLambers J, Nendel C, Wee H, Zhou M, Giejsztowt J, Philip S, Cho M, Gopal S, Khorchani T, Prather M, Xiong Z, Ming Y, Lyu L, Hallinger M, Nasuno T, Schindlbacher A, Capron E, Larar A, Pallotta G, Easterling D, Ding M, Lamarque J, Pretis F, Nevo E, Tourpali K, Bolan N, John J, Williams G, Biber M, Myhre G, Kamae Y, Liu H, Winton M, Chandra S, Koenigk T, Espadafor M, Ge Y, Walker M, Levin E, Huey R, Korty R, Huntingford C, Zhu L, Schmied H, Kassie B, Laggoun-Defarge F, Laprise R, Stein K, Lu G, Arguez A, Deng W, Lawal K, Lin L, Masson-Delmotte V, Jorda G, McClymont E, Wanders N, Clay H, Cooper E, Kim Y, Islam G, Jiang N, Masutomi Y, Zhu G, Ho W, Baez J, Anderson T, Naik V, Caron L, Lv L, Levesque E, He Q, Huber V, Taschetto A, Ren G, Lorentsen S, Tomasel C, Verheggen B, Freychet N, Min J, Zhou Z, Todd A, Ngatchah B, Sparrow S, Marba N, Slotsbo S, Wei Y, Wang N, Cressey E, Naoe S, Zhao S, Escolar C, Xu G, Gbobaniyi E, Zamin T, Wolff E, Whittington H, Yuan Z, Keller D, Garneau M, Zhong Q, Kwon Y, Soosaar K, Hurk B, Singh D, Hassenruck-Gudipati H, Sobolowski S, McIntyre K, Moorberg C, Beerling D, Merryfield W, Huang W, Todzo S, Braggins R, Hannachi A, Tuma M, Klumpp K, Wieder W, Hunter P, Soudzilovskaia N, Gu W, Shim D, Sonoda Y, Xue X, Moreno-Baez M, Xiang B, Ingeman-Nielsen T, Hwang S, Kim K, Wu Y, Stolpe M, McGrath G, Chan J, Sun S, Wang X, Turner S, Irbis C, Gennip S, Donner B, Roe G, Guerit L, Hattermann F, Nieves V, Donat M, Yamanaka Y, Breecker D, Chun J, Shinoda T, Hickler T, Caldeira K, Slomp C, Kushnir Y, Godinez-Reyes C, Hui C, Jiang D, Yu R, Wu C, Isaksen K, Wang M, Mudryk L, Timmermann A, Zhang Y, Wang J, Woodhead J, Ying J
Untea I, Stefan M, Dancila A, Belcu M, Stefan D
Sabeerali C, Goswami T, Arora A, Chattopadhyay R, Rao S, George G
Medrano A, Salguero-Gomez R, Linares C, Capdevila P, Cebrian E, Rovira G, Garrabou J, Kerstine D, Hereu B
Braconnot P, Lavaysse C, Bastin S, Janicot S, Bony S, Gaetani M, Hourdin F, Flamant C
Stuart-Smith R, Kininmonth S, Bates A, Edgar G, Barrett N
Blarney N, Azmy K, Garbelli C, Posenato R, Angiolini L, Griesshaber E, Brand U, Came R, Farabegoli E
Baidin A, Govorkova V, Kattsov V, Meleshko V, Pavlova T
Breckner M, Sunde U
Gautret P, Raoult D, Parola P
Wake P, Illingworth S
Ferraro M, Tumminia G, Gulotta T, Mistretta M, Longo S, Cellura M, Guarino F, Antonucci V
Fernandez J, Kubisch E, Duran F, Cabezas-Cartes F, Ibarguengoytia N, Vicenzi N, Corbalan V
Loughlin K
Smirnov A, Kodukhova Y, Gerasimov Y
Seaward M, Ohmura Y
Nichele A, Bikoski G
Schulz K, Eyre B, Murray R, Maher D, Lantz C, Erler D, Rosentreter J
Cohen D
Saleh E, Gandy S
Svecova L
Fayyaz A, Khan W, Nizami A, Sohail N, Rehan M, Khokhar M, Anwar M, Rasool K, Baqar M
Hainin M, Oluwasola E, Hassan N, Zamhari K, Karpudewan M, Chowdhury F, Dunachie S, Yusoff N, Abdullah M, Nur Z, Seidlein L, Roth W
Laroche J, Theron M, Borcier E, Charrier G, Loizeau V, Pedron N, Amerand A
Liliawati W, Kamal R, Zulfikar A
Cook F, Shafranek R, Druckman J, Bolsen T
Frimmel S, Reisinger E, Loebermann M, Emmerich P, Hemmer C
Hyrenbach M, Zache S
Simpson T, Hughes T, Kerry J
Bell R, Kearney G
Yanez-Espinosa L, Aragon-Gastelum J, Rodas-Ortiz J, Ramirez-Tobias H, Badano E, Flores J, Gonzalez-Salvatierra C
Jia Z, Laanbroek H, Bodelier P, Rutting T, Hefting M, Daebeler A
Pinhassi J, Conley D, Vaquer-Sunyer R, Kritzberg E, Muthusamy S, Lindh M
Saito R, Sundaresan S
Misra A, Naresh R, Chauhan M, Sundar S, Mishra A, Goyal A, Shukla J, Verma M
Potapov E, Cikirikcioglu M
Evans J, Stahl V, Aregawi W, Taoukis P, Verlinden B, Gwanpua S, Verboven P, Gogou E, Bekele E, Page J, Claussen I, Foster A, Jabri M, Sluis S, Hoang H, Leducq D, Geeraerd A, Wissink E, Brown T, Nicolai B, Duret S, Alvarez G, Indergardi E, Hendriksen L
Lajayer B, Ghorbanpour M, Delangiz N, Varjovi M
Fulford D, Rahman K, Huq S, Melville L
McKnight J, Brewer P
Speights C, Barton B, Barton M, Wolff C
Vanhatalo K, Linkosalmi L, Husgafvel R, Rodriguez-Chiang L, Dahl O
Ecuyer T, Nelson E
Zickfeld K, Ehlert D
Lu A
Abdollahnejad Z, Miraldo S, Aguiar J, Pacheco-Torgal F
Pinuel-Raigada J, Coghlan J, Fernandez-Reyes R, Vicente-Marino M
Karpechko A, Kracher D, Manzini E, Schultz M, Kornblueh L, Stein O, Reick C
Chau J, Singh R, azlul I , Hoffmann P, Laskar F, Pallamraju D, McCormack J
Marshall D, Monro K, Chirgwin E, Sgro C
Satyanarayana T, Bose H
Cabella R, Gherardi M, Gatto M
Olofintoye O, Obadofin E, Ayanshola A
Ramirez R, Kasting J
Hersbach H, Thepaut J, Berrisford P, Dee D, Hirahara S, Simmons A
Hatano R, Nishiwaki A, Toma Y, Kondo R, Kinoshita Y, Stewart J, Fernandez F, Itsubo N, Inoue M, Yamada T
McGurty E
Mirandola A, Scafetta N, Bianchini A
Asmi E, Karvosenoja N, Llanillo P, Oyola P, Pagels J, Aalto P, Torres G, Saarnio K, Feron S, Kuittinen N, Karjalainen P, Sepulveda E, Laroze D, Enroth J, Niemi J, Cordero R, Timonen H, Niemela N, Ronkko T, Vakeva M, Saarikoski S, Laine T, Jalava P, Aakko-Saksa P, Labbe F, Asencio V, Saukkonen N, Myllari F, Carrasco J, Damiani A, Jorquera J, Ntziachristos L
Molnar T, Barna K
Lin J
Barton C, Wright I, Moore B, Ryalls J, Johnson S, Tjoelker M
Nhundu A
Zettlemoyer M, Schultheis E, Lau J
Sunday J, Hargreaves A, Lee-Yaw J, Freeman B
Pitet L, Suozzi E, Bertolo D, Lodi L, Maio M, Amanzio G
Lydon S, Cusack D, Halterman S, Cao Q, Karpman J, Ciochina M, Neupane A, Ashdown D
Solic M, Bojanic N, Ordulj M, Jozic S, Vrdoljak A, Santic D, Sestanovic S
Johannesen E, Aschan M, Fossheim M, Dolgov A, Ingvaldsen R, Primicerio R
Pisello A, Castaldo V, Rossi F, Cotana F, Coccia V , Pignatta G
Aleixandre-Benavent R, Aleixandre J, Bolanos-Pizarro M, Aleixandre-Tudo J
Pangburn D
Kurisu K, Hanaki K, Kimura N
Frenken T, Lamers L, Wilkinson J, Waal D, Velthuis M, Touwen J, Wik M, Barros N, Hilt S, Roelofs J, Xue F, DelSontro T, Stephan S, Donk E, Kosten S, Bakker E, Domis L, Thornton B, Peeters E, Aben R, Kazanjian G
Thiery D, Iltis C, Bois B, Pecharova K, Moreau J, Zito S, Loudare P
Huelgas R, Salvador M, DeLaurier M, Villanueva B
Cook K, Vizy E
Fighera D, Delgadillo A, Oropeza C
Murphy C, Wilby R, Matthews T
Dudgeon D, Watanabe K, Shimatani Y, Musikasinthorn P, Samejima H, Suvarnaraksha A, Oyama S, Sato T, Kano Y, Komoto K, Grudpan J, Grudpan C, Yamashita T, Shibukawa K, Nam S, Uchida H, Praxaysonbath B, Tanaka W, Thach P, Utsugi K, Magtoon W
Amidan B, Barnett J, Flaherty J, Glissmeyer J, Antonio E, Yu X, Recknagle K
Wu W, Reager J, Lo M, Lan C, Famiglietti J
Nabout J, Vieira L, Machado K
Mota-Babiloni A, Barragan-Cervera A, Kontomaris K, Moles F, Peris B, Navarro-Esbri J
Carrillo P, Gonzalez-Olalla J, Peralta-Cornejo F, Cabrerizo M, Hinojosa-Lopez V
Saltykov M, Belolipetsky P, Bartsev S, Ivanova Y
Suppa A, Rossi V, Toyota K, Dhandapani V, Cuenca M, Orsini L, Colbourne J
Matthewman S
Crespo D, Dolbeth M, Duarte S, Canhoto C, Ferreira V, Lillebo A, Cassio F, Baptista J, Pascoal C, Fernandes I, Grilo T, Pardal M, Coelho J
Stanhill G, Rosa R, Paudel I
Cubas J, Martin J, Bello-Rodriguez V, Arco M, Gonzalez-Mancebo J
Schuur E, Mauritz M, Salmon V, Deane-Coe K, Celis G, Natali S, Crummer K
Gruter G
Praktiknjo A, Dittmar L
Vargas W, Ovejero D, Minetti J
Wirl F, Six M
Salmaso N, Capelli C, Cerasino L, Boscaini A
Chippa M
Stevens C, Chrismas B, Thornton H, Poulos N, Taylor L
Hon K, Leung T, Ho M, Chan A, Duque J, Lee T
Durgalakshmi K, Mounika G, Suchitra P, Naidu C, Kumar P, Rao D, Dodla V, Rao L, Raju A, Satyanarayana G, Srinivas D, Chiranjeevi G
Prasad R, Shivay Y
Mackintosh A, Frei P, Dean S, Anderson B, Renwick J, Lorrey A
Chirico F, Magnavita N
Sloan A, Lindzen R
Mannucci P, Franchini M
Laaksonen A, Makela H, Lahtinen M, Gregow H, Laine M, Tuomenvirta H, Mikkonen S
Parker A
Balik N, Akgun M, Akgun B
Irannejad P, Alizadeh-Choobari O, Marjani S
Das T
Jakubowski P
Cian E, Wing I
Lachniet M, Asmerom Y, Polyak V, Chervyatsova O, Baker J
Campbell D
Pastres R, Pioletti M, Brigolin D
Grimm C, Gu S, Kravtsov S
Shepherd T, Zappa G
Vinceriuc M, Tarlea G, Zabet I, Tarlea A
Taheri-Rad A, Khojastehpour M, Khorramdel S, Nikkhah A, Abbaspour-Fard M, Emadi B
Anderson C, Miles-Novelo A
Costello M, Breyer S
Boos W, Levine X
Yeok F, Samad A, Hanim M, Rahman A, Ismail A
Porhincak M, Vilcekova S, Estokova A
Wei X, Bao W
Loeder M, Garzke J, Horn H, Aberle N, Boersma M, Sommer U
Yoshikawa H, Nakajima Y, Ishii A, Kato K, Matsutani M, Yamada M, Yamashita M, Yoshida S, Kato S, Kosaka T, Kanesaki Y, Thanonkeo P, Murata M, Shiromaru Y
Manning S, Nobles D
Iz H
Frueh B, Steger C, Brauch J, Dalelane C
Paz A, Cruz J, Lucero J, Madrid J
Hannan M, Lipu M, Blaabjerg F, Ker P, Begum R, Agelidis V
Golbabaei F, Mohraz M, Karimi M, Ghahri A
Lastra M, Rodil I, Lopez J
Garcia M, Morris W, Villellas J
Saunders K
Jarrold M, Turpin V, Christen F, Siala G, Gibbin E, Blier P, Chakravarti L, Calosi P
Ardelean F, Niculita L
Jaafarzadeh N, Malekghasemi S, Zarea M, Ahmadmoazzam M, Moazed H
Noblet-Ducoudre N, Rajaud A
Montoya J, Gaston K, Buckling A, Studholme D, Sal S, Yvon-Durocher G, Lowe C, Padfield D, Woodward G, Garcia-Carreras B, Leitao M, Thomas T, Allen A, Trimmer M, Jennings S, Olafsson J, Dossena M, Bell T, Pawar S, Ffrench-Constant R, Smith T, Smirnoff N, Cellamare M, Shelley F, Schaum C, Reuman D
Auquier P, Fond G, Boyer L, Lancon C, Masson M
Gladka A, Zatonski T, Rymaszewska J
Sadegh M, Nikoo M, Raei E, AghaKouchak A, Mazdiyasni O
Hu S, Burls N, Fedorov A, lexey V
Masi R, Vanoli G, Bianco N, Mauro G, Ascione F
Micheli G
Lewis O, Thierry M, Hrcek J
Genova M, Esper J, Shestakova T, Kirdyanov A, Voltas J, Crivellaro A, Sanchez-Salguero R, Piermattei A, Knorre A, Gutierrez E, Krusic P, Korner C, Myglan V, Dios V, Coomes D, Camarero J, Linares J, Buntgen U
Morri C, Francour P, Montefalcone M, Parravicini V, Kulbicki M, Bianchi C, Mangialajo L, Peirano A, Mousseau L
Maruyama S, Gonome H, Nagayama T, Okajima J
Kaiser D, Wasserman L
Scher S, Messori G
Beraki A, Merwe J, Muthige M, Maisha T, Grab S, Malherbe J, Englebrecht F
Arthur R, Ramos-Segura A, Romero J, Ontoria Y, Gonzalez-Guedes E, Perez M, Bernardeau-Esteller J, Procaccini G, Garcia-Munoz R, Marin-Guirao L, Sanmarti N, Ruiz J, Alcoverro T
Kotova D, Korenkov Y, Mikushina O, Zakharov V, Klimenko M, Tereshin A, Bessarab F, Klimenko V
Baker A, Dominguez-Villar D, Fairchild I, Lojen S, Krklec K
Baikauskiene A, Miliunas V, Stasiskiene Z, Kliaugaite D, Varzinskas V
Albaladejo J, Saez-Martinez F, Blazquez S, Tapiador F, Jimenez E, Nielsen O, Wallington T, Antinolo M, Osterstrom F
Messina C, Rotundo J, Tang T
Shkolnik I, tsina G, Efimov S
Dunn R, Terando A, Meineke E, Frank S, Youngsteadt E, Ernst A, Dale A
Leejarkpai T, Mungcharoen T, Suwanmanee U
Almeida P
Varotsos C, Efstathiou M
Monteleone F, Falsaperla R, Piacentino S, Ciardini V, Pace G, Sferlazzo D, Meloni D, Sarra A, Contessa G, Gomez-Amo J
Lakatos L, Utasi Z, Mika J, Rapi S, Forgo P, Olah A
Gutierrez-Hernandez O
Richels R, Blanford G, Rutherford T, Rose S
Altmannshofer S, Boudaden J, Eisele I, Pittroff M, Wieland R
Buro K, Ozelsel T, Sondekoppam R
Bagley J, Senior R, VanLoocke A, Wills M, Davis K, Harding K, Astrop T, Twine T, Edwards D, Hill J
Lawrence D, Vandecar K
Williams E, Guha A, Boldi R, Buechler D, Christian H
Smith N
Grammelis P
Oh J, Jeon E
Mostafa M
Imamura T, Yoshida Y, Naito K, Sugawa O, Ota Y
Kahn M
Leino M, Uusitalo V
Bonini C, Gabriel C, Filho L, Reis A, Putti F, Neto A
Itkonen J
Batten T
Bonazza R, Dudley P, Porter W
Herndon E
Battisti A, Roques A, Larsson S
Weglarczyk S, Matuszko D
Hogan E, Sriver R, Eilts S, Nicholas R, Keller K
Bance P
Mostashari A, Mansouri M, Vesaghi A, Khansari N
Newton P, Hovenden M, Porter M
Saat R, Halim M
Micheletti M, Piacentini R
Sukawat D, Yomsatieankul W, Rueangphankun T
Silva S, Oliveira M
Mendelsohn R, Sohngen B, Favero A
Bui H, Singh M, Wolding B, Kuang Z, Maloney E, Hannah W
Parry I, Sears L, Shang B, Coady D
Franta B
Sanchez-Zavala J, Vera-Vera G, Roy P, Curtis J, Sankar G, Quiroz-Jimenez J
Sanabria E, Quiroga L
Menzel A, Zang C, Rammig A, Cortes J, Jochner-Oette S
Pralle S
Ahmadzadeh F, Oliveira A, Oliveira I, Roedder D, Toledo L, Capinha C
Hansen L, Woodfield B, Popovic M
Kusatov K, Mustafin S, Shpakova R, Trifonov A
Salomez C, Sherwood S, Dixit V
Blaauw H
Madeira D, Flores A, Diniz M, Vinagre C, Leal I, Mendonca V, Narciso L
Lorenz N, Redemann T, Specht E
Ungureanu E, Joly M
Mvungi E, Pillay D
Voosen P
Chernova L, Kotlyakov V, Muraviev A, Rototaeva O, Nosenko G, Khromova T, Nikitin S
Saedeleer B
Kozak D, Banovac E, Stojkov M
Kesternich M, Dai J, Ziegler A, Loeschel A
Sharma M, Saini S, Kumar A
Roper J, Ganesh S, Zorn T
Ramirez-Preciado R, Arteaga M, Gasca-Pineda J
Belcher C, Raschi A, Killi D, Centritto M, Materassi A, Dewhirst R, Haworth M
Kirchner M, Franz H, Fegg W, Huber D, Sutcliffe L, Walentowski H, Kudernatsch T
Shimadera H, Matsuo T, Minamiguchi Y, Kondo A
New M, Nkemelang T, Zaroug M
Pedersen J, Shaffer G, Huber M, Rondanelli R
Skrydstrup M
Frank J, Helwegen K, Dijkstra H, Wieners C
Basumajumdar A
in S, Komarov V, Lavrinenko A, Lomakina N
Thorpe D, Chan C, Islam M
El-Shazly A, Alhamed Y, Daous M, Rather S, Al-Zahrani A, Zaman S
Mutyaba J, Kasaija P, Buyana K, Lwasa S
Casimiro W, Garreaud R, Vuille M, Franquist E, Caceres B
Saw C, Choong C, Naroh A, Chiang Y
Kypreos S, Lehtila A
Gould T
Rangel V , Rahman M, Hernandez E, Khan A, Herawan T, Shuib L, Gital A, Chiroma H, Nawi N, Cantu E, Abdul-kareem S, Yezli S, Bouchama A, Abubakar A, Vazquez O
Reinthaler T, Moran X, Bates N, Lonborg C, Cuevas L, Gasol J, Alvarez-Salgado X, Herndl G
Kaufman D, Mckay N, Routson C, Rodysill J, Goosse H, Erb M, Ault T, Shuman B
Kapnick S, Lemoine D
Takane Y, Grimmond C, Kikegawa Y, Hara M
Roberts J, Lepori F
Hasanudin U, Bonnet S, Rousset P, Andini A
Zachos J, Shields C, Snyder M, Kiehl J, Rothstein M
Chang G
Lyra G, Monteiro J, Gomes T, Guevara A, Gonzaga G, Silva L, Maia S
Nistor A, Grigorica L, Niculaua M, Cotea V, Scutarasu C, Cotan S
Harrison T, James N, Whitfield A
Dondapati R, Vyas G, Jaffri A, Bhat M
Olano J, Vicente-Serrano S, Agreda T, Agueda B, Fernandez-Toiran M
Cho C, Yang L, Kong T, Chu Y
Freixa A, Romani A, Acuna V, Casellas M, Pecheva S
Hanna E, Tait P
Pearce D, Hughes S
Albern N, Shaw T, Voigt A, Pinto J
Thiel C, Woods N, Duncan P
Bernstein D, Krause C, Bhowmick M, Stechmann S, Boldt J, Sahany S, Neelin J, Meyerson J, Heckathorn S, Mishra S, Loikith P, Bista D, Jayawardena D, Hunter J
Hinnov L, Boulila S
Freilich R, Price Z
Wu K, Qian W
Bohr J
Angilletta M, Levy O, Keitt T, Buckley L
Losada I, Reguero B, Mendez F
Siahaan S, Homma H
Davy R, Chernokulsky A, Zilitinkevich S, Esau I, Outten S
Doel R
Ansotegui I, Rosario N, Amato G
Jang S, Hart P
Gurluk S, Uzel G, Turan O
Chown S, Coetzee B, Duffy G, Janion-Scheepers C
Arfvidsson J, Berlin J, Mjornell K, Ylmen P
Pruzzo C, Brettar I, Pezzati E, Hoelfe M, Vezzulli L
Wijnbergen S, Willems T
Allan J
Chein F, Assuncao J
Permanasari A, Hardinata A
Goncalves L, Sousa J, Puga L, Gameiro J, Ribeiro J, Vieira M, Teles L, Silva J
Ricci A, Link H, Shires J, Nash C
Bidyuk P, Matsuki Y
Rogozin A, ko L, Timoshkin O
Luedeling E, Gebauer J, Blanke M
Gonzalez-Jartin J, Medina A, Sainz M
Pelham B
Bella H
Tannsjo T
Bouvet L, Chassard D
Blenkinsop S, Lenderink G, Fowler H, Barbero R
Kizyaev B, Isaeva S
Ewins R
Souza B, Silva E, Silva G
Escamilla J, Perez S, Martinez Y
Kikvadze B, Elizbarashvili E, Gogia N, Kutaladze N, Elizbarashvili S, Chelidze N, Keggenhoff I, Elizbarashvili M
Lovsletten O, Rypdal M
Winter K, Kitajima K, Slot M
Fu R
Ricketts J, Jones R
Lagarde S, Wagensveld B, Castro S, Coblijn U, Raaff C, Tets W
Guillen-Gosalbez G, Cortes-Borda D, Llop M, Ruiz-Hernandez A, Guimera R, Sales-Pardo M
Leijonhufvud C, Fitts J
Santos F, Alvarez I, Seabra R, Sousa M, Dias J, deCastro M, Gomez-Gesteira M, Varela R, Wethey D, Santos A, Lima F, Meneghesso C
Valev D, Guineva V, Werner R, Kirillov A, Danov D
Karmalkar A, Bradley R
Borie-Holtz D, Langer S, Romero-Canyas R, Schneider B, Redlawsk D, Gaby K, Larson-Konar D
Rajagopalan V, Gargava P
Way D, Dusenge M
Zaitchik B, Gnanadesikan A, Russell A
Papathanasiou I, Koukourikos K, Kourkouta L, Tsaloglidou A, Dalagozi P, Koutsochristou D
Robinson W, Willison J, Lackmann G
Mochida A, Kasai M, Uchida T, Hanaoka K, Kobayashi H, Yumino S, Yamamoto M, Okaze T, Sasaki K
Hudson M
Bhochhibhoya S, Maskey R, Pierobon F, Gatto P, Cavalli R, Zanetti M
Phillips N
Wuebbles D, Ravishankara A, Cox R, Rudich Y, Burkholder J
Leinonen T, Morozov S, Merila J, McCairns R
Hill R
Taniguchi K, Sho K
Degroot D
Hannah S, Chevuturi A, Turner A, Klingaman N
Moskalevsky M
Hennig-Pauka I, Andre K, Baumgartner J, Hoertenhuber S, Zollitsch W, Niebuhr K, Schoenhart M, Mikovits C, Piringer M, Anders I, Schauberger G
McBride S, Every-Palmer S, Berry H, Menkes D
Stover D, Hawken P
Andreadakis A
Sachs J, Schmidt-Traub G, Williams J
Clausen R, Foster J
Guirguis K, Cayan D, Gershunov A
Jain A, Kavya D, Swamy M, Deobhanj S, Chandra G, Jaggi M, Shrivastava N, Venkatesu P, Siranjothi K, Vijisha P, Tekam M, Sahu B
Seth M, Bates E, Andersson H, Sly J, Gurm H
Hashimoto N, Mitsuyasu K, Zikra M, Sambodho K
Loe L, Mysterud A, Meisingset E, Rivrud I
Payton S, Johnson P, Jenny M
Hossain D, Ahmad N
Coppola E, Raffaele F, Giorgi F
Foley K, Robinson M, Dowsett H
Pearson R, Freeman R, Spooner F
Heneghan L
Robock A
Kroeze I
Vavrus S, Zhong Y, Notaro M
Molina-Montenegro M, Acuna-Rodriguez I, Hereme R, Torres-Diaz C
Peri G, Cattaneo C
Hereher M
Hartter J, Palace M, Keim B, Boag A, Garand J, Stevens F, Shao W, Ducey M, Hamilton L
Head J, Palumbo A
Dulamsuren C, Wagner B, Leuschner C, Liang E, Hauck M
Tarko A, Kurbatova A, Kozlova E
Inglett K, Inglett P, Gerber S, Sihi D
Coyer J, Gu J, Franssen S, Bornberg-Bauer E, Bergmann N, Olsen J, Jueterbock A, Reusch T
Strandberg G, Barring L
Shanmugam R
Leclerc T
Bricker B
Hering D, Kaercher O, Markovic D, Frank K
Clyde W, Fricke H, Ambrosia A, Gingerich P, Abels H
Torjesen I
DaMatta F, Ramalho J, Rahn E, Ghini R, Laderach P
Cukierman H, Costa B
Lefevre S, Nilsson G, McKenzie D
Tewari M, Salamanca F, Martilli A, Mahalov A, Treinish L
Kemper J, Hall C, Ballantine P
Jagtap S, Dinde A
Rossi S, Deslauriers A, Isabel N, Giovannelli A, Balducci L, Cuny H, Rathgeber C
Gonzalez-Hidalgo J, Pena-Angulo D, Cortesi N, Brunetti M
Stoekl A
Giurgea S, Larochelambert T, Espanet C, Nika P, Roy J, Plait A
Jang C, Choi W, Kim C, Chung I, Shin H
Moqeet A, Mukhtar H, Inzmam M, Aziz Y, Ilahi T, Khalid Y
Pozo P, Martin-Vide J
Woodley E
Yanik T, Aslan I
Piessens K, Compernolle T, Roefs P, Moretti M, Welkenhuysen K
Manowska A, Nowrot A
Guertin-Armstrong S
Sarafin P, Sevcik P, Zalman R, Olesnanikova V
Ajayamohan R, Sandeep S
Chakrabarty D
Fischhoff B, Wong-Parodi G
Tom J
Lany N, Zarnetske P, Welshofer K, Read Q
Itoh Y, Hine K
Hornberger G, ohn I, Gu C, Carrico A, Crane J
Washida T, Sakaue S, Yamaura K
Sopaheluwakan A, Linarka U, Satyaningsih R, Chung J, Rizal J
Tyagi A, Seshadri G, Arora P
Silva D, Henriques M
Varlamova E, Solovyev V
Wangchuk K, Wangdi J
Nakamura M, Hiura T, Nakaji T, Muraoka H, Kuribayashi M, Noh N, Saitoh T, Muller O
Alkhaledi K, Means K
Saravanan R, Patricola C, Chang P
Agostinho F, Giannetti B, Costa M, Almeida C
Benestad R, Parding K, Mezghani A, Erlandsen H
Franklin E, Mora C, Rollins R, Shimada M, Taladay K, Kantar M, Chock M
Ganne-Carrie N
Herb J
Usman N, Ahmad K, Razi M, Nda M, Daud Z, Adnan M
Lovell C, Edmonds H, Lovell J
Nowak D
Law A, Mccoy D, Middleton J, Saunders P
Azizi G, Chekroun K, Moumen A, Baghour M
Mercer D
Rezai A, Zeeuw A, Ploeg F, Withageny C
Pongracz R, Bartholy J
Bagley S, Chok C, Crawford R
Lin N
Khalvati A, Asadollahfardi G, Sekhavati A, Panahandeh A
Micco V, Aronne G, Buonanno M
Mollier-Vogel E, Blanz T, Salvatteci R, Schneider R
Ebraham F, Mathur S
Sabnis A, Pranesh M
Solomo M, Rodavia M, Martinez C, Fernando M, Armildez M
Radermacher R, Aute V, Bhanot V, Ling J, Alabdulkarem A
Kompas T
Bintanja R
suya M, Kamaruddin A, Omar K, Din A
Samieadel A, Fini E, Schimmel K
Chesney M, Lasserre P, Troja B
Malm A
South D
Seshadri A
Warner A, Hume S, Herald J
Furuoka F
Dean B
Syvret R
Graversen R, Langen P
DeZeeuw J, Godin P, Bris K, Strong K
Yoshino J, Toyoda M, Shinohara K, Kobayashi T
Jacobson M
Cruz-Vasquez R, Aragon-Noriega E, Castillo-Vargasmachuca S
Patton D, Moore R, Bergstrom J, Covich A
Iswati S
Blok V
Lily M, Baidya B, Chandra A
Shah R, Srivastava R
Tsai R
Walschot M
Bradshaw A, Stevenson K, Peterson M
Vinebrooke R, Dings-Avery C, MacLennan M
Kumar M, Saravanan B
Taylor A
Reighard G
Tupsai J, Chordnork B, Yuenyong C, Luengam P
Manabe S
Neumann P, Cornelissen B, Schweiger O
Ytterstad A
Krakauer N, Asadieh B
Salzmann M
Cay Y, Oktay Z, Kecebas A, Coskun C, Dasdemir A, Erturk M
White L, Connor N, Emmerson M, Donohue I
Soga K
Grimm V, Galic N, Forbes V
Esteban R, Fini A, Tattini M
Ratti C, Claudel M
Matsuda H, Okuda Y, Nomura R
Bujosa A, Riera A, Torres C
Vogel D
Savitha K, Sangam S
Dalby S
Skliris N, Sinha B, Drijfhout S, Sevellec F
Sundaralingam P
Bakilz H
Sivaram V
Tyagi B
Galakhov V, Samoilova S, Mardasova E, Sheremetov R, Lovtskaya O
Xiao H
Boyce R, Siedner M
Gil-Alana L
Ose T
Duca G, Travin S, Gladchi V, Nedealcov M
Gunnemyr M
Wadley D
Habibi S, Karbalaei S
Ozcelik G, Unver M, Gencer C
Shier B
Klett J, Dubey M, Chylek P, Hengartner N
Attlee A
Attanasio A, Triacca U, Pasini A
Lehmann M, Przytulska A, Bartosiewicz M, Lapierre J, Laurion I, Maranger R
Meeder J, Parkinson R
Sklair L
Munk W
Souza P, Hurtado D
Schaller J, Gessner M, Brackhage C, Hines J, Reyes M
Yaman C, Jaunich M, Kucukaga Y, Demir I, Korkut N
Romero R
Khodabandeh R, Makhnatch P
Liang C, Balser T, Gutknecht J
Sicard A, Baker R
Sundberg C, Komakech A, Vinneras B, Jonsson H
Kellett C, Weller S, Hafeez S
Filatova N, Vishnevskaya V
Sethi A, Pottker G, Motta S
Leach T, Winslow L, Rose K
Chitadze N
Raskin E
Renner S, Zohner C
Emmerling C, Taylor W, Eden A
Chaves I, Stewart M, Melchers R, Peng L
Abish B, Cherchi A, Ratna S
Finkel J, Katz J
Cortella G, Gullo P
Hughes G
Sharma S, Agrawal M, Pandey D
Masuda K
Zubir U, Ilham N, Hasanuzzaman M, Che H
Petrovskii S, Sekerci Y
Bedford D
Burch J
Nweke V
Dieterlen F, Lane J
Pincebourde S, Casas J
Tuncel G
Ven H
Canter N
Montanari A, Papalexiou S
Simons B, Essel C, Koranteng C
Tippee B
Gioda A
Motani R
Chersich M
Wagner-Cremer F, Steinthorsdottir M
Budescu D, Por H, Benjamin D
Niederdrenk A, Notz D
Robinet C, Rousselet J, Laparie M
Fite M
Moreiras S, Pont I
Ernst R, Youbi N
Hieronymus M
Caldwell M, MacInnis B, Prahler E, Howe L, Krosnick J, Dunne D, Abeles A
Ortega Z, Mencia A, Perez-Mellado V
Boahen O, Sweeney D, Mensah E, Ashiagbor G, Obeng G
Stoutenborough J
SenGupta A, German M
Lykhovyd P
Welch D
Greco A, Aprea C, Masselli C, Maiorino A
Seo S
Stassen P
Hedwall P, Skoglund J, Linder S
Gritsun A, Volodin E
Medvedkov A
Zivanovic G, Arenas C, Mestres F
Mattar C, Jimenez J, Gutierrez A, Olivares-Contreras V
Fuechslin T, Schafer M, Metag J
Randalls S
Boykoff M
Horie T
Nijhuis M
Chernogorskiy S, Ulitin V, Shvetsov K, Skripnuk D
Jayawardena A
Leiss W
Duan A, Xiao Z
Vaughan A
Nastasi J
Putnam A, Broecker W
Jenkins J, Hein J
Kemsley J
Berman D
Hallatu T, Palittin I
Costain F
Sastry A, Barua D
Toniuc D, Groza A
Coghlan A
Shakhashiri B
Balakrishnan V
Kujak S, Schultz K
Kjellsson J
Stephan G, Mueller-Fuerstenberger G
Vornanen M
Kelley J
McGregor H
Semakula I, Samsuri S
Valdivia A, Bruno J
Cho H, Woo T
Humphreys M
Sanford D, Russell K
Mudelsee M
Carlson H, Caballero R
Castilla J
Burkett P
Duchin F
Schuldt J, Roh S, Enns P, Cavaliere V, Schwarz N
Headrick D
Paramesh H
Black B
Mir M, Autorino R, Porpiglia F
Sallee J
Prasad V, Srivastava J
Thomas I
Page M
Rahaman K, Hassan Q
Borick C
Mortarini L, Palazzi E, Hardenberg J, Terzago S
Gan L
Reddy P
Chaturvedi R, Hiremath M
Gorringe T
Villamor J, Rey-Baltar D
Meyer A
Volacu A
Isaksson R
Pandya R, Guile B
Thorne P
Bulleri F
Singh J
McCarthy M
Wan J
Toro A, Harsanyi E
Stehr N
Lean J
Venkataraman S
Sutopo H, Widjaja K
Levenda A
Kingston R
Sharma A, Woldemeskel F
Munday P, Donelson J
Jacoby H, Skoufias E, Rabassa M
Kiseleva T
Dworetzky B
Desbiens-Despres E
Moodie A
Robinson D
Aukhadeev T
Wild M
Tesler M
Ou H
Deckker P
Conn D
Sen Z
Arai K
Klein I
Raar J
Kristoufek L
Yadollahie M
Butler-Adam J
Lachmann R
Dossey L
Al-Ghussain L
Cicerone R
Gungor A
Lang P, Gregory K
Rypdal K
Alan R, Esenbekova A
Roy I
Spracklen D
Kennel C
Feng X
Jaoua N
Tollefson J
Naharro F
Peter S
Dewi R, Khoirunisa N
Kingston P
Xiao Y
Hart J
Mutlu F, Nacaroglu O
Lovell B
Livi-Bacci M
Bonds E
Xu W, Yuan W
Ward J
Hughes D, Pernice M
Allchin D
Findling J
